#,#,#,#,#,#,#,#,#,#,#,#,#,#,#,#,#,#,#,#
#,.,.,.,.,.,.,.,.,.,.,.,.,.,.,.,.,.,.,#
#,.,.,.,.,.,.,.,.,.,.,.,.,.,.,.,.,.,.,#
#,.,.,.,.,.,.,.,.,.,.,.,.,.,.,.,.,.,.,#
#,.,.,.,.,.,.,.,.,.,.,.,.,.,.,.,.,.,.,#
#,.,.,.,.,.,.,.,.,.,.,.,.,.,.,.,.,.,.,#
#,.,.,.,.,.,.,.,.,.,.,.,.,.,.,.,.,.,.,#
#,.,.,.,.,.,.,.,.,.,.,.,.,.,.,.,.,.,.,#
#,.,.,.,.,.,.,.,.,.,.,.,.,.,.,.,.,.,.,#
#,.,.,.,.,.,.,.,.,.,.,.,.,.,.,.,.,.,.,#
#,.,.,.,.,.,.,.,.,.,.,.,.,.,.,.,.,.,.,#
#,.,.,.,.,.,.,.,.,.,.,.,.,.,.,.,.,.,.,#
#,.,.,.,.,.,.,.,.,.,.,.,.,.,.,.,.,.,.,#
#,.,.,.,.,.,.,.,.,.,.,.,.,.,.,.,.,.,.,#
#,.,.,.,.,.,.,.,.,.,.,.,.,.,.,.,.,.,.,#
#,.,.,.,.,.,.,.,.,.,.,.,.,.,.,.,.,.,.,#
#,.,.,.,.,.,.,.,.,.,.,.,.,.,.,.,.,.,.,#
#,.,.,.,.,.,.,.,.,.,.,.,.,.,.,.,.,.,.,#
#,.,.,.,.,.,.,.,.,.,.,.,.,.,.,.,.,.,.,#
#,#,#,#,#,#,#,#,#,#,#,#,#,#,#,#,#,#,#,#
