.,.,.,.,.,.,.,.,.,.,.,.,.,.,.,.,.,.,.,.,.,.,.,.,.,.,.,.,.,.,.,.,.,.,.,.,.,.,.,.,.,.,.,.,.,.,.,.,.,.,.,.,.,.,.,.,.,.,.,.,.,.,.,.,.,.,.,.,.,.,.,.,.,.,.,.,.,.,.,.
.,.,.,.,.,.,.,.,.,.,.,.,.,.,.,.,.,.,.,.,.,.,.,.,.,.,.,.,.,.,.,.,.,.,.,.,.,.,.,.,.,.,.,.,.,.,.,.,.,.,.,.,.,.,.,.,.,.,.,.,.,.,.,.,.,.,.,.,.,.,.,.,.,.,.,.,.,.,.,.
.,.,.,.,.,.,.,.,.,.,.,.,.,.,.,.,.,.,.,.,.,.,.,.,.,.,.,.,.,.,.,.,.,.,.,.,.,.,.,.,.,.,.,.,.,.,.,.,.,.,.,.,.,.,.,.,.,.,.,.,.,.,.,.,.,.,.,.,.,.,.,.,.,.,.,.,.,.,.,.
.,.,.,.,.,.,.,.,.,.,.,.,.,.,.,.,.,.,.,.,.,.,.,.,.,.,.,.,.,.,.,.,.,.,.,.,.,.,.,.,.,.,.,.,.,.,.,.,.,.,.,.,.,.,.,.,.,.,.,.,.,.,.,.,.,.,.,.,.,.,.,.,.,.,.,.,.,.,.,.
.,.,.,.,.,.,.,.,.,.,.,.,.,.,.,.,.,.,.,.,.,.,.,.,.,.,.,.,.,.,.,.,.,.,.,.,.,.,.,.,.,.,.,.,.,.,.,.,.,.,.,.,.,.,.,.,.,.,.,.,.,.,.,.,.,.,.,.,.,.,.,.,.,.,.,.,.,.,.,.
.,.,.,.,.,.,.,.,.,.,.,.,.,.,.,.,.,.,.,.,.,.,.,.,.,.,.,.,.,.,.,.,.,.,.,.,.,.,.,.,.,.,.,.,.,.,.,.,.,.,.,.,.,.,.,.,.,.,.,.,.,.,.,.,.,.,.,.,.,.,.,.,.,.,.,.,.,.,.,.
.,.,.,.,.,.,.,.,.,.,.,.,.,.,.,.,.,.,.,.,.,.,.,.,.,.,.,.,.,.,.,.,.,.,.,.,.,.,.,.,.,.,.,.,.,.,.,.,.,.,.,.,.,.,.,.,.,.,.,.,.,.,.,.,.,.,.,.,.,.,.,.,.,.,.,.,.,.,.,.
.,.,.,.,.,.,.,.,.,.,.,.,.,.,.,.,.,.,.,.,.,.,.,.,.,.,.,.,.,.,.,.,.,.,.,.,.,.,.,.,.,.,.,.,.,.,.,.,.,.,.,.,.,.,.,.,.,.,.,.,.,.,.,.,.,.,.,.,.,.,.,.,.,.,.,.,.,.,.,.
.,.,.,.,.,.,.,.,.,.,.,.,.,.,.,.,.,.,.,.,.,.,.,.,.,.,.,.,.,.,.,.,.,.,.,.,.,.,.,.,.,.,.,.,.,.,.,.,.,.,.,.,.,.,.,.,.,.,.,.,.,.,.,.,.,.,.,.,.,.,.,.,.,.,.,.,.,.,.,.
.,.,.,.,.,.,.,.,.,.,.,.,.,.,.,.,.,.,.,.,.,.,.,.,.,.,.,.,.,.,.,.,.,.,.,.,.,.,.,.,.,.,.,.,.,.,.,.,.,.,.,.,.,.,.,.,.,.,.,.,.,.,.,.,.,.,.,.,.,.,.,.,.,.,.,.,.,.,.,.
.,.,.,.,.,.,.,.,.,.,.,.,.,.,.,.,.,.,.,.,.,.,.,.,.,.,.,.,.,.,.,.,.,.,.,.,.,.,.,.,.,.,.,.,.,.,.,.,.,.,.,.,.,.,.,.,.,.,.,.,.,.,.,.,.,.,.,.,.,.,.,.,.,.,.,.,.,.,.,.
.,.,.,.,.,.,.,.,.,.,.,.,.,.,.,.,.,.,.,.,.,.,.,.,.,.,.,.,.,.,.,.,.,.,.,.,.,.,.,.,.,.,.,.,.,.,.,.,.,.,.,.,.,.,.,.,.,.,.,.,.,.,.,.,.,.,.,.,.,.,.,.,.,.,.,.,.,.,.,.
.,.,.,.,.,.,.,.,.,.,.,.,.,.,.,.,.,.,.,.,.,.,.,.,.,.,.,.,.,.,.,.,.,.,.,.,.,.,.,.,.,.,.,.,.,.,.,.,.,.,.,.,.,.,.,.,.,.,.,.,.,.,.,.,.,.,.,.,.,.,.,.,.,.,.,.,.,.,.,.
.,.,.,.,.,.,.,.,.,.,.,.,.,.,.,.,.,.,.,.,.,.,.,.,.,.,.,.,.,.,.,.,.,.,.,.,.,.,.,.,.,.,.,.,.,.,.,.,.,.,.,.,.,.,.,.,.,.,.,.,.,.,.,.,.,.,.,.,.,.,.,.,.,.,.,.,.,.,.,.
cv_cv9,cv_cv9,cv_cv9,cv_cv9,cv_cv9,cv_cv9,cv_cv9,cv_cv9,cv_cv9,cv_cv9,.,.,.,.,.,.,.,.,.,.,.,.,.,.,.,.,.,.,.,.,.,.,.,.,.,.,.,.,.,.,.,.,.,.,.,.,.,.,.,.,.,.,.,.,.,.,.,.,.,.,.,.,.,.,.,.,.,.,.,.,.,.,.,.,.,.,.,.,.,.
cv_cv9,cv_cv9,cv_cv9,.,.,.,.,.,.,.,.,.,.,.,.,.,cv_cv9,cv_cv9,cv_cv9,cv_cv9,cv_cv9,cv_cv9,cv_cv9,cv_cv9,cv_cv9,.,.,.,.,.,.,.,.,.,.,.,.,.,.,.,.,.,.,.,.,.,.,.,.,.,.,.,.,.,.,.,.,.,.,.,.,.,.,.,.,.,.,.,.,.,.,.,.,.,.,.,.,.,.,.
cv_cv9,cv_cv9,cv_cv9,cv_cv1,cv_cv4,cv_cv2,cv_cv4,cv_cv2,cv_cv4,cv_cv4,.,.,.,.,.,.,cv_cv9,cv_cv9,cv_cv9,cv_cv9,cv_cv9,cv_cv9,cv_cv9,cv_cv9,cv_cv9,.,.,.,.,.,.,.,.,.,.,.,.,.,.,.,.,.,.,.,.,.,.,.,.,.,.,.,.,.,.,.,.,.,.,.,.,.,.,.,.,.,.,.,.,.,.,.,.,.,.,.,.,.,.,.
cv_cv9,cv_cv9,cv_cv9,cv_cv10,.,.,.,.,.,.,.,.,.,.,.,.,cv_cv9,cv_cv9,cv_cv9,cv_cv9,cv_cv9,cv_cv9,cv_cv9,cv_cv9,cv_cv9,.,.,.,.,.,.,.,.,.,.,.,.,.,.,.,.,.,.,.,.,.,.,.,.,.,.,.,.,.,.,.,.,.,.,.,.,.,.,.,.,.,.,.,.,.,.,.,.,.,.,.,.,.,.,.
cv_cv9,cv_cv9,cv_cv9,cv_cv11,.,.,.,.,.,.,.,.,.,.,.,.,.,.,.,.,.,.,.,.,cv_cv9,.,.,.,.,.,.,.,.,.,.,.,.,.,.,.,.,.,.,.,.,.,.,.,.,.,.,.,.,.,.,.,.,.,.,.,.,.,.,.,.,.,.,.,.,.,.,.,.,.,.,.,.,.,.,.
cv_cv9,cv_cv9,cv_cv9,cv_cv10,.,.,.,.,.,.,.,.,.,.,.,.,.,.,.,.,.,.,.,.,cv_cv9,.,.,.,.,.,.,.,.,.,.,.,.,.,.,.,.,.,.,.,.,.,.,.,.,.,.,.,.,.,.,.,.,.,.,.,.,.,.,.,.,.,.,.,.,.,.,.,.,.,.,.,.,.,.,.
cv_cv9,cv_cv9,cv_cv9,cv_cv10,.,.,.,.,.,.,.,.,.,.,.,.,.,.,.,.,.,.,.,.,cv_cv9,.,.,.,.,.,.,.,.,.,.,.,.,.,.,.,.,.,.,.,.,.,.,.,.,.,.,.,.,.,.,.,.,.,.,.,.,.,.,.,.,.,.,.,.,.,.,.,.,.,.,.,.,.,.,.
cv_cv9,cv_cv9,cv_cv9,cv_cv11,.,.,.,.,.,.,.,.,.,.,.,.,.,.,.,.,.,.,.,.,cv_cv9,.,.,.,.,.,.,.,.,.,.,.,.,.,.,.,.,.,.,.,.,.,.,.,.,.,.,.,.,.,.,.,.,.,.,.,.,.,.,.,.,.,.,.,.,.,.,.,.,.,.,.,.,.,.,.
cv_cv9,cv_cv9,cv_cv9,cv_cv10,.,.,.,.,.,.,.,.,.,.,.,.,.,.,.,.,.,.,.,.,cv_cv9,.,.,.,.,.,.,.,.,.,.,.,.,.,.,.,.,.,.,.,.,.,.,.,.,.,.,.,.,.,.,.,.,.,.,.,.,.,.,.,.,.,.,.,.,.,.,.,.,.,.,.,.,.,.,.
cv_cv9,cv_cv9,cv_cv9,cv_cv11,.,.,.,.,.,.,.,.,.,.,.,.,.,.,.,.,.,.,.,.,cv_cv9,.,.,.,.,.,.,.,.,.,.,.,.,.,.,.,.,.,.,.,.,.,.,.,.,.,.,.,.,.,.,.,.,.,.,.,.,.,.,.,.,.,.,.,.,.,.,.,.,.,.,.,.,.,.,.
cv_cv9,cv_cv9,cv_cv9,cv_cv10,.,.,.,.,.,.,.,.,.,.,.,cv_cv9,.,.,.,.,.,.,.,.,cv_cv9,.,.,.,.,.,.,.,.,.,.,.,.,.,.,.,.,.,.,.,.,.,.,.,.,.,.,.,.,.,.,.,.,.,.,.,.,.,.,.,.,.,.,.,.,.,.,.,.,.,.,.,.,.,.,.
cv_cv9,cv_cv9,cv_cv9,cv_cv11,.,.,.,.,.,.,.,.,.,.,.,cv_cv9,.,.,.,.,.,.,.,.,cv_cv9,.,.,.,.,.,.,.,.,.,.,.,.,.,.,.,.,.,.,.,.,.,.,.,.,.,.,.,.,.,.,.,.,.,.,.,.,.,.,.,.,.,.,.,.,.,.,.,.,.,.,.,.,.,.,.
cv_cv9,cv_cv9,cv_cv9,cv_cv25,cv_cv12,cv_cv12,cv_cv12,cv_cv12,cv_cv12,cv_cv12,cv_cv28,.,.,.,.,cv_cv9,.,.,.,.,.,.,.,.,cv_cv9,.,.,.,.,.,.,.,.,.,.,.,.,.,.,.,.,.,.,.,.,.,.,.,.,.,.,.,.,.,.,.,.,.,.,.,.,.,.,.,.,.,.,.,.,.,.,.,.,.,.,.,.,.,.,.
cv_cv9,cv_cv9,cv_cv9,cv_cv9,cv_cv9,cv_cv9,cv_cv9,cv_cv9,cv_cv9,cv_cv9,cv_cv11,.,.,.,.,cv_cv9,.,.,.,.,.,.,.,.,cv_cv9,cv_cv9,.,.,.,.,.,.,.,.,.,.,.,.,.,.,.,.,.,.,.,.,.,.,.,.,.,.,.,.,.,.,.,.,.,.,.,.,.,.,.,.,.,.,.,.,.,.,.,.,.,.,.,.,.,.
cv_cv9,cv_cv9,cv_cv9,cv_cv9,cv_cv9,cv_cv9,cv_cv9,cv_cv9,cv_cv9,cv_cv9,cv_cv11,.,.,.,.,.,.,.,.,.,.,.,.,.,.,.,.,.,.,.,.,.,.,.,.,.,.,.,.,.,.,.,.,.,.,.,.,.,.,.,.,.,.,.,.,.,.,.,.,.,.,.,.,.,.,.,.,.,.,.,.,.,.,.,.,.,.,.,.,.
.,.,.,.,.,.,.,.,.,.,.,.,.,.,.,.,.,.,.,.,.,.,.,.,.,.,.,.,.,.,.,.,.,.,.,.,.,.,.,.,.,.,.,.,.,.,.,.,.,.,.,.,.,.,.,.,.,.,.,.,.,.,.,.,.,.,.,.,.,.,.,.,.,.,.,.,.,.,.,.
cv_cv1,cv_cv2,cv_cv4,cv_cv2,cv_cv2,cv_cv4,cv_cv4,cv_cv2,cv_cv2,cv_cv4,cv_cv29,.,cv_cv26,.,.,.,.,.,.,.,.,.,.,.,.,.,.,.,.,.,.,.,.,.,.,.,.,.,.,.,.,.,.,.,.,.,.,.,.,.,.,.,.,.,.,.,.,.,.,.,.,.,.,.,.,.,.,.,.,.,.,.,.,.,.,.,.,.,.,.
cv_cv10,.,.,.,.,.,.,.,.,.,.,.,.,cv_cv21,.,.,.,.,.,.,.,.,.,.,.,.,.,.,.,.,.,.,.,.,.,.,.,.,.,.,.,.,.,.,.,.,.,.,.,.,.,.,.,.,.,.,.,.,.,.,.,.,.,.,.,.,.,.,.,.,.,.,.,.,.,.,.,.,.,.
cv_cv11,.,.,.,.,.,.,.,.,.,.,.,.,.,.,.,cv_cv20,.,.,.,.,.,.,.,.,.,.,.,.,.,.,.,.,.,.,.,.,.,.,.,.,.,.,.,.,.,.,.,.,.,.,.,.,.,.,.,.,.,.,.,.,.,.,.,.,.,.,.,.,.,.,.,.,.,.,.,.,.,.,.
cv_cv18,.,.,.,.,.,.,.,.,.,.,.,.,.,.,.,.,.,cv_cv19,.,.,.,.,.,.,.,.,.,.,.,.,.,.,.,.,.,.,.,.,.,.,.,.,.,.,.,.,.,.,.,.,.,.,.,.,.,.,.,.,.,.,.,.,.,.,.,.,.,.,.,.,.,.,.,.,.,.,.,.,.
cv_cv11,.,.,.,.,.,.,.,pr_rock1,.,.,.,.,.,.,cv_cv26,.,.,.,.,.,.,.,.,.,.,.,.,.,.,.,.,.,.,.,.,.,.,.,.,.,.,.,.,.,.,.,.,.,.,.,.,.,.,.,.,.,.,.,.,.,.,.,.,.,.,.,.,.,.,.,.,.,.,.,.,.,.,.,.
cv_cv10,.,.,.,.,.,.,.,.,.,.,.,cv_cv21,.,.,.,.,.,.,.,.,.,.,.,.,.,.,.,.,.,.,.,.,.,.,.,.,.,.,.,.,.,.,.,.,.,.,.,.,.,.,.,.,.,.,.,.,.,.,.,.,.,.,.,.,.,.,.,.,.,.,.,.,.,.,.,.,.,.,.
cv_cv25,cv_cv12,cv_cv28,.,.,.,.,.,.,.,.,.,.,.,cv_cv20,.,.,.,.,.,.,.,.,.,.,.,.,.,.,.,.,.,.,.,.,.,.,.,.,.,.,.,.,.,.,.,.,.,.,.,.,.,.,.,.,.,.,.,.,.,.,.,.,.,.,.,.,.,.,.,.,.,.,.,.,.,.,.,.,.
cv_cv9,cv_cv9,cv_cv11,.,.,.,.,.,.,.,.,.,.,cv_cv19,.,.,.,.,.,.,.,.,.,.,.,.,.,.,.,.,.,.,.,.,.,.,.,.,.,.,.,.,.,.,.,.,.,.,.,.,.,.,.,.,.,.,.,.,.,.,.,.,.,.,.,.,.,.,.,.,.,.,.,.,.,.,.,.,.,.
cv_cv9,cv_cv9,cv_cv25,cv_cv7,cv_cv28,.,.,.,.,.,.,.,.,.,.,.,.,.,.,.,.,.,.,.,.,.,.,.,.,.,.,.,.,.,.,.,.,.,.,.,.,.,.,.,.,.,.,.,.,.,.,.,.,.,.,.,.,.,.,.,.,.,.,.,.,.,.,.,.,.,.,.,.,.,.,.,.,.,.,.
cv_cv9,cv_cv9,cv_cv6,cv_cv7,.,.,.,.,.,.,.,.,.,.,.,.,.,.,.,.,.,.,.,cv_cv9,cv_cv9,cv_cv9,cv_cv9,.,.,.,.,.,.,.,.,.,.,.,.,.,.,.,.,.,.,.,.,.,.,.,.,.,.,.,.,.,.,.,.,.,.,.,.,.,.,.,.,.,.,.,.,.,.,.,.,.,.,.,.,.
cv_cv9,cv_cv9,cv_cv1,cv_cv17,cv_cv29,.,.,.,.,.,.,.,.,.,.,.,.,.,.,.,.,.,.,.,.,.,cv_cv9,cv_cv9,cv_cv9,cv_cv9,cv_cv9,cv_cv9,cv_cv9,.,.,.,.,.,.,.,.,.,.,.,.,.,.,.,.,.,.,.,.,.,.,.,.,.,.,.,.,.,.,.,.,.,.,.,.,.,.,.,.,.,.,.,.,.,.,.
cv_cv9,cv_cv9,cv_cv11,.,.,.,.,.,.,.,cv_cv6,cv_cv28,.,.,.,.,.,.,.,.,.,.,.,.,.,.,cv_cv9,cv_cv9,cv_cv9,cv_cv9,cv_cv9,cv_cv9,cv_cv9,.,.,.,.,.,.,.,.,.,.,.,.,.,.,.,.,.,.,.,.,.,.,.,.,.,.,.,.,.,.,.,.,.,.,.,.,.,.,.,.,.,.,.,.,.,.,.
cv_cv9,cv_cv9,cv_cv11,.,.,.,.,.,.,.,cv_cv8,cv_cv11,.,.,cv_cv8,cv_cv11,.,.,.,.,.,.,.,.,.,.,cv_cv9,cv_cv9,.,.,.,.,.,.,.,.,.,.,.,.,.,.,.,.,.,.,.,.,.,.,.,.,.,.,.,.,.,.,.,.,.,.,.,.,.,.,.,.,.,.,.,.,.,.,.,.,.,.,.,.
cv_cv9,cv_cv9,cv_cv11,.,.,.,.,.,.,.,cv_cv8,cv_cv11,.,.,cv_cv8,cv_cv11,.,.,.,.,.,.,.,.,.,.,cv_cv9,cv_cv9,.,.,.,.,.,.,.,.,.,.,.,.,.,.,.,.,.,.,.,.,.,.,.,.,.,.,.,.,.,.,.,.,.,.,.,.,.,.,.,.,.,.,.,.,.,.,.,.,.,.,.,.
cv_cv9,cv_cv9,cv_cv11,.,.,.,.,.,.,.,cv_cv8,cv_cv11,.,.,cv_cv8,cv_cv11,.,.,.,.,.,.,.,.,.,.,cv_cv9,cv_cv9,.,.,.,.,.,.,.,.,.,.,.,.,.,.,.,.,.,.,.,.,.,.,.,.,.,.,.,.,.,.,.,.,.,.,.,.,.,.,.,.,.,.,.,.,.,.,.,.,.,.,.,.
cv_cv9,cv_cv9,cv_cv11,.,.,.,.,.,.,.,cv_cv8,cv_cv11,.,.,cv_cv8,cv_cv11,.,.,.,.,.,.,.,.,.,.,cv_cv9,cv_cv9,.,.,.,.,.,.,.,.,.,.,.,.,.,.,.,.,.,.,.,.,.,.,.,.,.,.,.,.,.,.,.,.,.,.,.,.,.,.,.,.,.,.,.,.,.,.,.,.,.,.,.,.
cv_cv9,cv_cv9,cv_cv11,.,.,.,.,.,.,.,cv_cv8,cv_cv11,.,.,cv_cv8,cv_cv11,.,.,.,.,.,.,.,.,.,.,cv_cv9,cv_cv9,.,.,.,.,.,.,.,.,.,.,.,.,.,.,.,.,.,.,.,.,.,.,.,.,.,.,.,.,.,.,.,.,.,.,.,.,.,.,.,.,.,.,.,.,.,.,.,.,.,.,.,.
cv_cv9,cv_cv9,cv_cv11,.,.,.,.,.,.,.,cv_cv8,cv_cv11,.,.,cv_cv8,cv_cv25,cv_cv14,cv_cv12,cv_cv12,cv_cv12,cv_cv12,cv_cv12,cv_cv12,cv_cv12,cv_cv12,.,cv_cv9,cv_cv9,.,.,.,.,.,.,.,.,.,.,.,.,.,.,.,.,.,.,.,.,.,.,.,.,.,.,.,.,.,.,.,.,.,.,.,.,.,.,.,.,.,.,.,.,.,.,.,.,.,.,.,.
cv_cv9,cv_cv9,cv_cv25,cv_cv12,cv_cv14,cv_cv12,cv_cv12,cv_cv14,cv_cv14,cv_cv12,cv_cv27,cv_cv11,.,.,cv_cv8,cv_cv9,cv_cv9,cv_cv9,cv_cv9,cv_cv9,cv_cv9,cv_cv9,cv_cv9,cv_cv9,cv_cv9,cv_cv9,cv_cv9,cv_cv9,.,.,.,.,.,.,.,.,.,.,.,.,.,.,.,.,.,.,.,.,.,.,.,.,.,.,.,.,.,.,.,.,.,.,.,.,.,.,.,.,.,.,.,.,.,.,.,.,.,.,.,.
cv_cv9,cv_cv9,.,.,.,.,.,.,.,.,.,cv_cv11,.,.,.,.,.,.,.,.,.,.,.,.,.,cv_cv9,cv_cv9,cv_cv9,.,.,.,.,.,.,.,.,.,.,.,.,.,.,.,.,.,.,.,.,.,.,.,.,.,.,.,.,.,.,.,.,.,.,.,.,.,.,.,.,.,.,.,.,.,.,.,.,.,.,.,.
cv_cv9,cv_cv9,cv_cv1,cv_cv4,cv_cv4,cv_cv4,cv_cv17,cv_cv4,cv_cv2,cv_cv17,cv_cv17,cv_cv29,.,.,cv_cv16,cv_cv17,cv_cv4,cv_cv2,cv_cv4,cv_cv2,cv_cv4,cv_cv2,cv_cv4,cv_cv2,cv_cv4,cv_cv5,cv_cv9,cv_cv9,.,.,.,.,.,.,.,.,.,.,.,.,.,.,.,.,.,.,.,.,.,.,.,.,.,.,.,.,.,.,.,.,.,.,.,.,.,.,.,.,.,.,.,.,.,.,.,.,.,.,.,.
cv_cv9,cv_cv9,cv_cv11,.,.,.,.,.,.,.,.,.,.,.,.,.,.,.,.,.,.,.,.,.,.,cv_cv8,cv_cv9,cv_cv9,.,.,.,.,.,.,.,.,.,.,.,.,.,.,.,.,.,.,.,.,.,.,.,.,.,.,.,.,.,.,.,.,.,.,.,.,.,.,.,.,.,.,.,.,.,.,.,.,.,.,.,.
cv_cv9,cv_cv9,cv_cv11,.,.,.,.,.,.,.,.,.,.,.,.,.,.,.,.,.,.,.,.,.,.,cv_cv8,cv_cv9,cv_cv9,.,.,.,.,.,.,.,.,.,.,.,.,.,.,.,.,.,.,.,.,.,.,.,.,.,.,.,.,.,.,.,.,.,.,.,.,.,.,.,.,.,.,.,.,.,.,.,.,.,.,.,.
cv_cv9,cv_cv9,cv_cv11,.,.,.,.,.,.,.,.,.,.,.,.,.,.,.,.,.,.,.,.,.,.,cv_cv8,cv_cv9,cv_cv9,.,.,.,.,.,.,.,.,.,.,.,.,.,.,.,.,.,.,.,.,.,.,.,.,.,.,.,.,.,.,.,.,.,.,.,.,.,.,.,.,.,.,.,.,.,.,.,.,.,.,.,.
cv_cv9,cv_cv9,cv_cv11,.,.,.,.,.,.,.,.,.,.,.,.,.,.,.,.,.,.,.,.,.,.,cv_cv8,cv_cv9,cv_cv9,.,.,.,.,.,.,.,.,.,.,.,.,.,.,.,.,.,.,.,.,.,.,.,.,.,.,.,.,.,.,.,.,.,.,.,.,.,.,.,.,.,.,.,.,.,.,.,.,.,.,.,.
cv_cv9,cv_cv9,cv_cv11,.,.,.,.,.,.,.,.,cv_cv6,cv_cv28,.,.,.,.,.,.,.,.,.,.,.,.,cv_cv8,cv_cv9,cv_cv9,.,.,.,.,.,.,.,.,.,.,.,.,.,.,.,.,.,.,.,.,.,.,.,.,.,.,.,.,.,.,.,.,.,.,.,.,.,.,.,.,.,.,.,.,.,.,.,.,.,.,.,.
cv_cv9,cv_cv9,cv_cv25,cv_cv12,cv_cv12,cv_cv14,cv_cv12,cv_cv14,cv_cv12,cv_cv14,cv_cv12,cv_cv27,cv_cv11,.,.,.,.,.,.,.,.,.,.,.,.,cv_cv8,cv_cv9,cv_cv9,cv_cv9,.,.,.,.,.,.,.,.,.,.,.,.,.,.,.,.,.,.,.,.,.,.,.,.,.,.,.,.,.,.,.,.,.,.,.,.,.,.,.,.,.,.,.,.,.,.,.,.,.,.,.
cv_cv9,cv_cv9,cv_cv9,cv_cv9,cv_cv9,cv_cv9,cv_cv9,cv_cv9,cv_cv9,cv_cv9,cv_cv9,cv_cv9,cv_cv11,.,.,.,.,.,.,.,.,.,.,.,.,cv_cv8,cv_cv9,cv_cv9,cv_cv9,cv_cv9,.,.,.,.,.,.,.,.,.,.,.,.,.,.,.,.,.,.,.,.,.,.,.,.,.,.,.,.,.,.,.,.,.,.,.,.,.,.,.,.,.,.,.,.,.,.,.,.,.,.
cv_cv9,cv_cv9,cv_cv9,cv_cv9,cv_cv9,cv_cv9,cv_cv9,cv_cv9,cv_cv9,cv_cv9,cv_cv9,cv_cv9,cv_cv25,cv_cv12,cv_cv14,cv_cv14,cv_cv12,cv_cv14,cv_cv12,cv_cv14,cv_cv14,cv_cv12,cv_cv14,cv_cv14,cv_cv14,cv_cv27,cv_cv9,cv_cv9,cv_cv9,cv_cv9,cv_cv9,.,.,.,.,.,.,.,.,.,.,.,.,.,.,.,.,.,.,.,.,.,.,.,.,.,.,.,.,.,.,.,.,.,.,.,.,.,.,.,.,.,.,.,.,.,.,.,.,.
cv_cv9,cv_cv9,cv_cv9,cv_cv9,cv_cv9,cv_cv9,cv_cv9,cv_cv9,cv_cv9,cv_cv9,cv_cv9,cv_cv9,cv_cv9,cv_cv9,cv_cv9,cv_cv9,cv_cv9,cv_cv9,cv_cv9,cv_cv9,cv_cv9,cv_cv9,cv_cv9,cv_cv9,cv_cv9,cv_cv9,cv_cv9,cv_cv9,cv_cv9,cv_cv9,cv_cv9,cv_cv9,.,.,.,.,.,.,.,.,.,.,.,.,.,.,.,.,.,.,.,.,.,.,.,.,.,.,.,.,.,.,.,.,.,.,.,.,.,.,.,.,.,.,.,.,.,.,.,.
